AnmManager,th06::AnmVm,th06::AnmManager
AsciiManager,th06::AsciiManager,th06::StageMenu,th06::AsciiManager_RegisterChain,th06::AsciiManager_CutChain,th06::AsciiManager_OnUpdate,th06::AsciiManager_OnDrawMenus,th06::AsciiManager_OnDrawPopups,th06::AsciiManager_AddedCallback,th06::AsciiManager_DeletedCallback
BombData,th06::BombData,th06::BombData_BombReimuACalc,th06::BombData_BombReimuBCalc,th06::BombData_BombMarisaACalc,th06::BombData_BombMarisaBCalc,th06::BombData_BombReimuADraw,th06::BombData_BombReimuBDraw,th06::BombData_BombMarisaADraw,th06::BombData_BombMarisaBDraw
BulletManager,th06::BulletManager,th06::BulletManager_RegisterChain,th06::BulletManager_CutChain,th06::BulletManager_AddedCallback,th06::BulletManager_DeletedCallback,th06::BulletManager_OnUpdate,th06::BulletManager_OnDraw
EclManager,th06::EclManager
EffectManager,th06::EffectManager,th06::EffectManager_RegisterChain,th06::EffectManager_CutChain,th06::EffectManager_OnUpdate,th06::EffectManager_AddedCallback,th06::EffectManager_DeletedCallback,th06::EffectManager_CallbackRandomSplash,th06::EffectManager_CallbackRandomSplashBig,th06::EffectManager_CallbackStill,th06::EffectManager_UpdateCallback4,th06::EffectManager_CallbackAttract,th06::EffectManager_CallbackAttractSlow,th06::EffectManager_OnDraw
Ending,th06::Ending,th06::Ending_OnUpdate,th06::Ending_OnDraw,th06::Ending_AddedCallback,th06::Ending_DeletedCallback
EnemyEclInstr,th06::EnemyEclInstr
EnemyManager,th06::EnemyManager,th06::Enemy,th06::Enemy_ResetEffectArray,th06::EnemyManager_RegisterChain,th06::EnemyManager_CutChain,th06::EnemyManager_OnUpdate,th06::EnemyManager_OnDraw,th06::EnemyManager_AddedCallback,th06::EnemyManager_DeletedCallback
FileAbstraction,th06::FileAbstraction
GameManager,th06::GameManager,th06::GameManager_RegisterChain,th06::GameManager_CutChain,th06::GameManager_OnUpdate,th06::GameManager_OnDraw,th06::GameManager_AddedCallback,th06::GameManager_DeletedCallback,th06::GameManager_SetupCamera,th06::GameManager_SetupCameraStageBackground,th06::GameManager_CharacterShotType
Global,th06::Chain,th06::ChainElem,th06::CMyFont,th06::Controller,th06::FileSystem,th06::GameErrorContext,th06::Rng,th06::utils
Gui,th06::Gui,th06::GuiImpl,th06::Gui_RegisterChain,th06::Gui_CutChain,th06::Gui_AddedCallback,th06::Gui_DeletedCallback,th06::Gui_OnUpdate,th06::Gui_OnDraw
IPbg3Parser,th06::IPbg3Parser
ItemManager,th06::ItemManager
MainMenu,th06::MainMenu,th06::MainMenu_LoadTitleAnm,th06::MainMenu_LoadReplayMenu,th06::MainMenu_OnUpdate,th06::MainMenu_OnDraw,th06::MainMenu_AddedCallback,th06::MainMenu_DeletedCallback,th06::MainMenu_LoadDiffCharSelect,th06::MainMenu_ReleaseTitleAnm
MidiOutput,th06::MidiDevice,th06::MidiTimer,th06::MidiOutput,th06::MidiTimer_DefaultTimerCallback,th06::MidiOutput_Ntohs,th06::MidiOutput_SkipVariableLength,th06::MidiOutput_Ntohl
MusicRoom,th06::MusicRoom,th06::MusicRoom_AddedCallback,th06::MusicRoom_DeletedCallback,th06::MusicRoom_OnDraw,th06::MusicRoom_OnUpdate
Pbg3Archive,th06::Pbg3Archive
Pbg3Parser,th06::Pbg3Parser
Player,th06::Player,th06::Player_RegisterChain,th06::Player_CutChain,th06::Player_OnUpdate,th06::Player_OnDrawHighPrio,th06::Player_OnDrawLowPrio,th06::Player_AddedCallback,th06::Player_DeletedCallback,th06::Player_FireBulletReimuA,th06::Player_FireBulletReimuB,th06::Player_FireBulletMarisaA,th06::Player_FireBulletMarisaB
ReplayManager,th06::ReplayManager,th06::ReplayManager_RegisterChain,th06::ReplayManager_OnUpdate,th06::ReplayManager_OnUpdateDemoHighPrio,th06::ReplayManager_OnUpdateDemoLowPrio,th06::ReplayManager_OnDraw,th06::ReplayManager_AddedCallback,th06::ReplayManager_AddedCallbackDemo,th06::ReplayManager_DeletedCallback,th06::ReplayManager_StopRecording,th06::ReplayManager_SaveReplay,th06::ReplayManager_ValidateReplayData
ResultScreen,th06::ResultScreen,th06::ResultScreen_RegisterChain,th06::ResultScreen_OnUpdate,th06::ResultScreen_OnDraw,th06::ResultScreen_AddedCallback,th06::ResultScreen_DeletedCallback
ScreenEffect,th06::ScreenEffect,th06::ScreenEffect_RegisterChain,th06::ScreenEffect_AddedCallback,th06::ScreenEffect_DeletedCallback,th06::ScreenEffect_DrawFadeIn,th06::ScreenEffect_CalcFadeIn,th06::ScreenEffect_ShakeScreen,th06::ScreenEffect_DrawFadeOut,th06::ScreenEffect_CalcFadeOut,th06::ScreenEffect_DrawSquare,th06::ScreenEffect_Clear,th06::ScreenEffect_SetViewport
SoundPlayer,th06::SoundPlayer,th06::SoundPlayer_BackgroundMusicPlayerThread
Stage,th06::Stage,th06::AnmManager::ExecuteAnmIdx,th06::Stage_RegisterChain,th06::Stage_CutChain,th06::Stage_OnUpdate,th06::Stage_OnDrawHighPrio,th06::Stage_OnDrawLowPrio,th06::Stage_AddedCallback,th06::Stage_DeletedCallback
Supervisor,th06::Supervisor,th06::Supervisor_RegisterChain,th06::Supervisor_OnUpdate,th06::Supervisor_OnDraw,th06::Supervisor_AddedCallback,th06::Supervisor_DeletedCallback,th06::Supervisor_DrawFpsCounter,th06::Supervisor_ControllerCallback,th06::Supervisor_EnumGameControllersCb
Supervisor2,th06::Supervisor,th06::Supervisor_RegisterChain,th06::Supervisor_OnUpdate,th06::Supervisor_OnDraw,th06::Supervisor_AddedCallback,th06::Supervisor_DeletedCallback,th06::Supervisor_DrawFpsCounter,th06::Supervisor_ControllerCallback,th06::Supervisor_EnumGameControllersCb
TextHelper,th06::TextHelper,th06::TextHelper_CreateTextBuffer,th06::TextHelper_ReleaseTextBuffer,th06::TextHelper_RenderTextToTexture
ZunTimer,th06::ZunTimer,th06::Supervisor,th06::Supervisor_RegisterChain,th06::Supervisor_OnUpdate,th06::Supervisor_OnDraw,th06::Supervisor_AddedCallback,th06::Supervisor_DeletedCallback,th06::Supervisor_DrawFpsCounter,th06::Supervisor_ControllerCallback,th06::Supervisor_EnumGameControllersCb
main,WinMain,th06::GameWindow,th06::GameWindow_Present,th06::GameWindow_InitD3dInterface,th06::GameWindow_CreateGameWindow,th06::GameWindow_InitD3dRendering,th06::GameWindow_InitD3dDevice,th06::GameWindow_WindowProc
zwave,th06::CSound,th06::CSoundManager,th06::CStreamingSound,th06::CWaveFile
